id,vendor,model,model_year,vin
1,Ford,Escort,1991,WBAVL1C54DV498493
2,Lexus,SC,2003,JN1BJ0HP6DM502973
3,Honda,Ridgeline,2006,WAUWFAFH3DN726808
4,Infiniti,Q,2004,3LNDL2L37BR172826
5,Chevrolet,Silverado 2500,1999,WA1EV74L78D943327
6,Toyota,RAV4,2009,KNDKG3A2XA7563295
7,Pontiac,Bonneville,2005,WBAUC9C57DV556901
8,Pontiac,Tempest,1965,3C4PDCBB3ET977081
9,Subaru,Legacy,2010,1D7RV1GP7AS321157
10,Geo,Tracker,1993,SAJWJ0FFXF8262297
11,Infiniti,QX,2003,WAUEH48H17K895140
12,Mercury,Grand Marquis,1997,WBAFA53521L074142
13,Land Rover,Range Rover,2002,KM8JT3AC9AU562622
14,GMC,2500,1999,4JGCB2FE9CA630566
15,Lincoln,Continental,1999,WAUHFBFL1AN140817
16,Ford,Fairlane,1967,WA1VMAFP3FA110316
17,Ferrari,599 GTB Fiorano,2007,3MZBM1U79EM648030
18,Mercury,Grand Marquis,2007,WBADT33411G003410
19,Volkswagen,Jetta,1992,1G4GE5EVXAF151343
20,Infiniti,FX,2009,1D7RE3GK6AS612653
21,Toyota,Land Cruiser,1998,2C3CCAGG3CH263181
22,Ford,Crown Victoria,1997,2LMDJ6JK4CB199980
23,Ford,Ranger,2002,WA1MYAFE2AD928707
24,Volkswagen,Passat,1990,1FM5K7B81EG002973
25,Mazda,MX-6,1989,WAULC58E85A089672
26,Toyota,Celica,1993,1FTNS1EW4AD945544
27,Toyota,MR2,2002,WA1CGAFE9ED334782
28,Ferrari,599 GTB Fiorano,2007,WBAYE0C58ED021848
29,Pontiac,6000,1990,WAUDH68D61A661058
30,Scion,tC,2006,1B3CB1HA3AD967742
31,Toyota,Echo,2005,SCBZB25E42C844029
32,Chrysler,300,2008,5GADV33W17D401212
33,Oldsmobile,Silhouette,1995,WAUVFAFR2AA533928
34,Jeep,Wrangler,2011,3C4PDDAG8ET377756
35,Hyundai,Sonata,1993,1G4CU541X24891942
36,Infiniti,G35,2004,WBAFV3C50FD160351
37,Oldsmobile,Toronado,1966,WA1LFBFP2DA011944
38,Suzuki,Grand Vitara,1999,WBAGN83544D184067
39,Ford,Mustang,1995,WAULT64B13N711293
40,Chevrolet,Tahoe,2008,1FTEX1CM4DK848735
41,Land Rover,Range Rover Evoque,2012,WBAEN33434P563481
42,Mazda,CX-5,2013,WDDEJ7EB8EA076482
43,Lexus,LX,2002,5FPYK1F25CB585456
44,Audi,A3,2011,1G6AB1RX9F0630311
45,Volvo,C30,2013,WAUKG68E95A851199
46,Lexus,LX,1996,WAUSH98E07A397040
47,Pontiac,GTO,2006,WBAKF3C58CJ728385
48,Mazda,MPV,1996,WA1YD54B72N878833
49,Mitsubishi,Mighty Max,1994,1GT020CGXEF777678
50,GMC,Canyon,2008,5GADX33L05D896371
51,Buick,Electra,1987,1GD22ZCG1DZ739701
52,Mercedes-Benz,R-Class,2010,YV440MBD9F1418033
53,Nissan,Titan,2008,3GYVKLEF6AG361657
54,Ford,Festiva,1988,1G6DE1E38E0615014
55,BMW,X6,2013,JH4CL969X5C124814
56,Chevrolet,2500,1992,WA1AV74L59D639395
57,Ford,Expedition,2007,4T1BF1FK4DU698483
58,Lincoln,Aviator,2004,WBAUN9C54AV417475
59,Mercury,Tracer,1988,WVGAV7AX3FW192607
60,Infiniti,Q,2001,WBADR634X3G800645
61,GMC,Envoy,2006,WAUEH48H67K539797
62,Chevrolet,G-Series 2500,1997,1FT7W2A6XEE020971
63,Mitsubishi,Lancer,2007,SALAG2D47DA261742
64,Porsche,944,1986,1FTWW3B59AE241768
65,Saab,9-3,2008,1FTSW2A57AE110574
66,Chevrolet,Equinox,2006,WA1CV74L77D250182
67,Lincoln,LS,2000,3G5DA03L67S586007
68,Dodge,Grand Caravan,2009,1GT022CG9EF157934
69,Lamborghini,Revent√≥n,2008,YV1902MC1F1697540
70,Plymouth,Neon,2000,5N1BA0NC9FN430464
71,Kia,Soul,2011,YV126MFB8F2795958
72,Volkswagen,GTI,1991,JTHBP5C23C5344958
73,Toyota,Tundra,2007,3VWJX7AJ8AM985790
74,Saturn,VUE,2003,WBACN33441L061539
75,Volvo,S80,2011,SCBLE37G95C939336
76,GMC,Acadia,2011,5UMCN93462L397857
77,BMW,7 Series,1995,WAUBVAFBXBN712429
78,Plymouth,Sundance,1993,1FADP3E20EL516959
79,Mitsubishi,Montero,2006,JH4CW2H54BC254480
80,Toyota,Sequoia,2008,WAUSH98E16A739190
81,Acura,MDX,2001,1G6AJ1RX3F0355876
82,Jeep,Cherokee,1999,3N1AB6AP1CL109297
83,Audi,A8,2005,WAUEH94FX8N717714
84,Mitsubishi,Lancer Evolution,2011,YV4852CT0A1014642
85,Mercedes-Benz,S-Class,1993,1FTEX1CMXBF923587
86,Acura,Integra,2000,1G6YV36A575560442
87,Chrysler,300M,2003,3N1BC1AP0AL864748
88,Chevrolet,Corvette,2004,JM1GJ1T65E1374820
89,Honda,Prelude,1999,19UYA42543A098093
90,Ford,GT500,2007,WBALL5C55CE397878
91,GMC,Savana 3500,2010,WAUVC58E95A097014
92,Cadillac,CTS,2008,WAUAKAFB5AN616940
93,GMC,Savana 1500,1998,JTHBE5C28B5783836
94,Chrysler,Cirrus,1996,5UXKR2C54E0696000
95,Toyota,Corolla,2008,JN1AZ4EH7CM374377
96,Chevrolet,Impala SS,1994,1G6KP5ES4BU096516
97,GMC,Rally Wagon 2500,1993,1FTMF1EW7AK111974
98,Mitsubishi,Pajero,1985,JN8AS1MU0BM152717
99,Nissan,240SX,1996,SALFP2BN7BH102550
100,Mercedes-Benz,600SEL,1992,WAUHF98P67A355618
101,Ford,Ranger,2002,JN1CV6EK9CM458468
102,Volkswagen,Jetta,2002,JTHCL5EF6F5015658
103,Dodge,Durango,2008,WAUAF78E97A075020
104,Mitsubishi,3000GT,1992,1C4PJLAK1CW202036
105,Buick,LeSabre,1989,3D7TT2CTXBG377980
106,Eagle,Talon,1997,JM3TB2CA2F0335400
107,Toyota,Solara,2002,WBA5M2C5XED950845
108,Chevrolet,Suburban 1500,2005,1G6KA5EY1AU467328
109,Pontiac,LeMans,1967,2HNYD18462H979519
110,Ford,Mustang,1973,WAUJFAFH7AN556278
111,Nissan,Altima,1996,WAUPFAFM9BA895477
112,Dodge,Viper,2004,WBAVM5C54DV409977
113,Dodge,Dakota,1998,5J8TB4H56EL737189
114,Infiniti,G,2003,WAUEG98E26A632522
115,Porsche,911,1990,1N6AA0CC5EN942267
116,Ford,F350,2010,1D4RD3GG5BC661317
117,Hyundai,Accent,1997,5TDBKRFH0FS480695
118,Mitsubishi,Chariot,1989,5YMGZ0C51E0211489
119,Audi,200,1991,WAUTFAFH8BN811787
120,Saab,9-3,2005,SCFFBCCD4BG972152
121,Geo,Metro,1995,JM1BL1L39C1037803
122,Ford,Fusion,2010,JM1NC2PFXE0895491
123,Chevrolet,Cruze,2012,WDBWK5EA0BF048938
124,Ford,Tempo,1990,WAULT58E85A715446
125,Volkswagen,Jetta,2006,3G5DA03E22S836580
126,Chevrolet,APV,1993,JN8AE2KP9E9229120
127,Pontiac,Firebird,1995,WA1YD54B03N923077
128,Ford,Freestyle,2005,JN1BY1PP0FM756331
129,Toyota,Echo,2000,WA1GFCFS1FR358469
130,Chevrolet,Tracker,2004,WAUDF98E45A528174
131,Toyota,Prius Plug-in Hybrid,2012,WAUJFAFH6AN183654
132,Ford,Escort,2004,WAUJT68E45A313047
133,Lexus,IS F,2011,JTEBU4BF0CK103235
134,Pontiac,Gemini,1988,JH4NA21645S253267
135,Jaguar,XK Series,1997,2T1BURHE8EC219433
136,Chevrolet,1500,1992,1G6AH5R34E0373026
137,Lincoln,Blackwood,2002,1FBSS3BL1AD011712
138,Toyota,Corolla,1999,WAUKF78E48A174835
139,Chevrolet,Camaro,1985,1G4GJ5G33CF007014
140,Volvo,V40,2000,19UUA86219A548068
141,Ford,F250,2007,WAUFL44D13N545814
142,Honda,Passport,1998,1N4AL3AP2EC221068
143,Chevrolet,Lumina,1998,4JGDA2EB9CA778537
144,Toyota,RAV4,1997,1G6KH5E60BU276009
145,Mitsubishi,Starion,1986,JM3KE2BEXD0392075
146,Ford,GT,2006,JTDKN3DU1A0184651
147,Saab,900,1993,3GYVKMEFXAG016816
148,Subaru,Legacy,1993,WAUSH78E07A027758
149,Mitsubishi,Mighty Max,1986,JN1CV6AP5DM434526
150,Volkswagen,Golf III,1994,WAUSF78K19A651924
151,Mazda,RX-8,2008,KMHHT6KD8EU024829
152,Holden,VS Commodore,1996,WBAXH5C5XCC623010
153,GMC,Savana 3500,2002,2LMHJ5AT7FB783072
154,Ford,Taurus,2010,1G6AT5S36F0159679
155,Acura,Vigor,1994,YV4940BZXE1917114
156,Lincoln,Town Car,2009,JN1AY1AP6BM932345
157,Ford,LTD,1984,1G6DM577680649936
158,Mitsubishi,Diamante,2002,4A31K3DTXAE427482
159,Lotus,Esprit,1991,WBA3B3G51DN187863
160,Infiniti,Q,2003,1G4GC5ER9CF365896
161,Volkswagen,GTI,2006,1G6DA1E35D0865966
162,Porsche,944,1984,WBAGN83554D476617
163,Mercedes-Benz,M-Class,2004,KNADN5A38F6901712
164,Chevrolet,Blazer,2005,WBA3C1G54DN174414
165,Suzuki,Grand Vitara,2008,1GYS3BEF7CR445774
166,Volkswagen,Type 2,1986,2T1BURHE7FC844763
167,Suzuki,Esteem,2001,1G6DG8EY9B0098168
168,Ford,E-Series,1993,WAUGL98E45A423379
169,Volkswagen,New Beetle,2010,1G6DE5EG6A0906843
170,Mercury,Lynx,1984,2B3CK4CV8AH581459
171,Nissan,Quest,1996,JH4CU2F68CC029675
172,Buick,Terraza,2006,1G6DH8EG0A0101591
173,Plymouth,Prowler,2000,2G4WS52J051614173
174,Toyota,Camry,1992,WA1AM94L89D951967
175,Maserati,Spyder,2002,WBANA535X5C733618
176,Acura,NSX,1997,5GALVBED1AJ282152
177,Mercury,Cougar,1989,3FADP4AJ3DM345995
178,Mitsubishi,Pajero,1996,KNADH4A39B6461415
179,Chevrolet,Sportvan G30,1993,1G6DX67D770420053
180,Chevrolet,Suburban 1500,2009,SCFFBCBD0BG116316
181,Nissan,Quest,1998,WA1MMBFE2AD017696
182,Ford,Excursion,2000,KMHGC4DE9BU459523
183,Kia,Spectra,2000,1G6KE57Y84U480308
184,Aston Martin,Vantage,2006,4A4AP3AU0FE626428
185,Mazda,Protege,1996,WP0AA2A85AU219645
186,Volkswagen,Type 2,1987,WAULC68E03A346178
187,Rolls-Royce,Phantom,2007,YV126MFD8F1603834
188,GMC,Envoy,2007,WBAPL5G52BN300405
189,BMW,745,2003,JH4KC1F36EC395345
190,Mazda,Miata MX-5,2005,JN8AF5MR5BT577931
191,Hyundai,Veracruz,2009,WBA3C3G50FN326672
192,Mercedes-Benz,W201,1990,2FMDK4AC1AB536587
193,Dodge,Charger,1999,WA1DGBFE7FD622201
194,GMC,3500 Club Coupe,1993,WBAEU334X3P889439
195,Lotus,Elan,1990,2G4WE587X81910857
196,Lexus,IS,2009,WAUEF78E98A061105
197,Pontiac,Trans Sport,1997,5GNRNHEE6A8185637
198,Ford,Explorer,2005,WAUDGAFL3BA787704
199,Mazda,MX-6,1997,1C3BCBGG6DN402634
200,GMC,Envoy,2003,1D7RB1CT9BS245065
201,Lincoln,Navigator,2000,WVWAB7AJ0DW891957
202,Jeep,Compass,2012,3N1CE2CP1EL287106
203,Chevrolet,Camaro,1975,WAUHF78P48A487976
204,Ford,Fairlane,1967,2G4GU5GV9D9692011
205,Dodge,Ram 3500,2001,WAUGVAFR2AA678222
206,Maybach,62,2012,5N1AN0NU4BC167248
207,Mazda,Mazda5,2008,1GYFK46838R986117
208,Ford,Torino,1970,2G4GT5GR7C9322339
209,Acura,NSX,2003,2FMGK5B88DB145759
210,Chevrolet,Corvette,1967,1G6DS57V890242805
211,Ford,F-Series,1988,5UXKR0C57F0684610
212,Chevrolet,Corvette,1972,WUAUUAFG5EN623076
213,GMC,Suburban 2500,1996,WBA3B1C51FP284661
214,Mitsubishi,Challenger,2000,1G4GC5ER6CF659630
215,Ford,Five Hundred,2007,1C3CCBAG9EN925709
216,Buick,Century,1996,1FT7W2A63EE647589
217,Audi,80,1991,3D73Y3HL3AG486750
218,Honda,Odyssey,2012,2C3CDXGJ7FH269890
219,Lincoln,Mark VIII,1996,WA1LFBFP7CA266538
220,Chevrolet,TrailBlazer,2008,JTDJTUD33DD348347
221,Lincoln,Town Car,1995,SCFFDABE3CG142028
222,Volkswagen,GTI,1986,SCBZB25E22C399600
223,GMC,Sierra 1500,2007,WBA3C3C50FP417838
224,Audi,80/90,1988,WAUEH48HX7K530388
225,Buick,Coachbuilder,1990,JTDKN3DU4F0400919
226,Mazda,Mazdaspeed 3,2007,1VWAS7A3XFC638468
227,Chevrolet,Suburban 1500,2001,1D7RW2GKXAS758500
228,Audi,90,1989,WAUKH68D51A590331
229,Toyota,Tercel,1997,KNADH4A34A6946964
230,Subaru,Outback,2010,SALAK2V63FA918361
231,Mitsubishi,Galant,1985,1G6KA5EY3AU700948
232,Chevrolet,Corvette,2001,1FTWW3A59AE443141
233,Hyundai,Sonata,2005,WP0CA2A89FK059944
234,Ford,Expedition,1998,KMHTC6AD1CU959179
235,Pontiac,Bonneville,2004,WAUVC58EX5A263931
236,Buick,Regal,1989,WDDGF4HBXER338010
237,BMW,X5,2002,2C3CCABG2CH993882
238,GMC,Yukon XL 1500,2006,1G6AL5S36D0917713
239,Ford,Fusion,2012,1FMJK1JT9FE534356
240,Porsche,911,1996,5N1CR2MN4EC600042
241,Volkswagen,Jetta III,1993,1GKS1KE05DR695799
242,Oldsmobile,Bravada,2000,WAUGL98E47A643270
243,Kia,Rio,2008,1GKS1KE08DR382116
244,Mazda,Tribute,2004,WAUBF98E48A004373
245,Chrysler,Concorde,2000,WBAYA8C57DC118781
246,Volkswagen,GTI,1987,WAUDH94F76N901226
247,Dodge,Grand Caravan,1999,2C3CCAKG2FH572510
248,Jeep,Liberty,2012,1G4HA5EM7AU162173
249,Nissan,Xterra,2003,1J4PR4GK8AC699312
250,Mercedes-Benz,GLK-Class,2011,2LMHJ5AT8FB512859
251,BMW,325,2006,WAULD64B83N646066
252,Saturn,Ion,2007,JN8AF5MV3FT959569
253,Honda,Pilot,2007,WA1YD64B63N388343
254,Saab,900,1987,WBA3D5C54EF952118
255,Toyota,TundraMax,2012,2B3CK2CV8AH664667
256,Chevrolet,Colorado,2008,3FA6P0SU3DR601257
257,Volkswagen,Touareg 2,2008,1N4AL2AP9CC626044
258,Lincoln,Town Car,1999,JN1AZ4EH2FM193322
259,Panoz,Esperante,2006,JTMHY7AJXB5530770
260,Lincoln,MKX,2008,WAUHF78P28A529500
261,Audi,5000S,1987,JH4KA96611C761561
262,Ford,E150,2003,JHMZF1C60FS875585
263,Maserati,GranSport,2006,1C6RD6LP5CS027492
264,Kia,Sephia,2000,1ZVBP8AM2E5716345
265,Toyota,Supra,1995,WBAAV33401F375114
266,Mercury,Villager,1997,SCFAD01A85G861037
267,Volkswagen,GTI,1993,1G4GE5G3XEF722315
268,Chevrolet,Express,2007,KMHGN4JE7FU937684
269,Chevrolet,Cobalt SS,2007,1GYS3RKJXFR655811
270,Kia,Sorento,2007,JN1CY0AP3AM094163
271,Dodge,Durango,2000,KMHGH4JH4DU158743
272,Nissan,Cube,2009,WAULD54B94N240812
273,Ford,F150,2011,4T1BD1FK8EU207789
274,Chevrolet,Silverado 2500,2009,JN8AZ1MU4EW059414
275,Porsche,944,1989,WAUMR44EX6N130414
276,Cadillac,Escalade EXT,2010,1G6AB1RX0F0062594
277,GMC,Yukon,2006,JN1CV6EK1AM838062
278,Dodge,Viper RT/10,1993,WAUBF98E47A197395
279,Chevrolet,Blazer,1995,WAUEFAFL9EN170750
280,Austin,Mini,1959,WBAVB73597V046839
281,Cadillac,Escalade ESV,2011,5TDBKRFH7ES170171
282,Mitsubishi,Truck,1987,WBA3B9C57FF566808
283,Buick,Riviera,1989,3LNDL2L38BR384683
284,Eagle,Talon,1990,WAUDL94F15N894187
285,Ford,Fusion,2010,WBAVA33567P783044
286,Alfa Romeo,164,1993,2T1KE4EE2BC063406
287,Mercedes-Benz,300SL,1993,WA1VMAFE7ED301104
288,Toyota,Yaris,2010,WDDUG7GB2FA528936
289,Mazda,CX-9,2007,4T1BF1FK8EU759982
290,Lincoln,Town Car,1995,1D7RW3GK2BS024893
291,Chevrolet,Beretta,1995,1C6RD7FPXCS783577
292,BMW,X5,2005,SAJWA4EBXEL727999
293,Dodge,Neon,2000,1GYS4SKJ0FR990693
294,Honda,S2000,2000,1GD12YEG8FF254804
295,Mitsubishi,Galant,2005,5YMGY0C58D0372763
296,Buick,Skyhawk,1986,1C3CDZAB2CN163556
297,Ford,Crown Victoria,2006,4T1BF3EK8AU501338
298,Toyota,4Runner,2012,SCBCR73W78C315273
299,Mazda,MPV,1993,3C3CFFJH0ET198242
300,Ford,F250,1998,1J4PR4GK7AC558845
301,BMW,525,2003,WAUJC58E15A784437
302,Ford,Th!nk,2000,5J6TF1H54EL090870
303,Mercedes-Benz,E-Class,2002,1G4GB5GR9EF133768
304,Porsche,Cayman,2011,1G4HP52K254491502
305,Land Rover,LR2,2009,WVWAB7AJ3CW961479
306,Ford,Th!nk,2001,WBALM53589E682046
307,Infiniti,M,2004,WAUEH94F96N556141
308,Ford,Aerostar,1987,JN1AZ4FH0FM158874
309,Hummer,H2 SUV,2006,WBALM73549E674523
310,Dodge,Colt,1989,SCBFU7ZA3FC517211
311,BMW,7 Series,2007,WAURV78T68A388211
312,Hyundai,Santa Fe,2008,WP0AB2A90FS433905
313,Volkswagen,GTI,2008,WA1KK78R29A743825
314,Toyota,Supra,1998,ZFBCFACH0FZ023336
315,Infiniti,FX,2004,2C3CA4CD4AH723870
316,Pontiac,Trans Sport,1994,5TFAW5F17FX422881
317,Mazda,CX-7,2009,JTEBU5JR4B5502468
318,Subaru,Loyale,1991,5TDBK3EH2DS391285
319,Chevrolet,Express 1500,1998,5GAKRBED7BJ770054
320,Isuzu,Rodeo,1998,5UXFE83578L546918
321,Chevrolet,Suburban 1500,1995,5TFCW5F11BX782800
322,Cadillac,DeVille,1995,WP0CA2A82DS172972
323,Porsche,911,2009,5GNRNHEE7A8996752
324,Pontiac,Grand Am,2005,3C4PDDAG5ET954274
325,Nissan,Stanza,1992,5N1AR2MM3DC914729
326,Saab,9000,1999,1VWAS7A34FC383316
327,Buick,Enclave,2008,3N1BC1AP8AL933010
328,BMW,530,2001,WAUHF68P86A307907
329,Nissan,Sentra,2005,19UUA65676A808199
330,Honda,Insight,2005,TRUUT28N761495035
331,Mercury,Villager,1999,4T3BA3BB2FU163257
332,Ford,F-Series,2005,WBABN73423P954467
333,Audi,5000S,1984,5N1AN0NU5EN814846
334,Cadillac,SRX,2005,WAUVT64B42N163779
335,Toyota,Matrix,2006,WAUPN94E98N720466
336,Dodge,Ram Van B350,1992,1N6AD0CU4FN423955
337,Mazda,Tribute,2010,JM1NC2PF8F0065920
338,BMW,X5,2000,2FMGK5BC4AB651492
339,Mazda,B-Series,1995,1G6AM5S35D0458297
340,Porsche,911,1999,19XFA1E50AE011476
341,Hyundai,Sonata,1994,WAUSFAFL1AA744858
342,Ford,Escort,1995,WAU2GBFC0CN703247
343,Chrysler,PT Cruiser,2002,WAU32AFD8FN876296
344,GMC,EV1,1999,WDDPK4HA5DF627895
345,Dodge,Dakota,2007,KMHCT4AE1DU903578
346,Ford,Freestar,2007,1N6AD0CW7FN842044
347,Acura,TL,2000,WAUSH94FX7N393018
348,Mazda,626,2000,WP0AA2A99CS213595
349,Mitsubishi,Galant,2011,WBA3A5C57CF213461
350,Isuzu,Ascender,2007,WBANA73514B772520
351,Ford,Tempo,1986,WAUPN44E37N615682
352,Toyota,Sienna,2002,WBXPC93597W066364
353,Mercedes-Benz,GLK-Class,2011,JN1CV6EK7DM956721
354,Chevrolet,Caprice,1995,WBA4B3C55FG940313
355,Volkswagen,Passat,1986,3C6JD7EP7CG883836
356,Suzuki,Daewoo Magnus,2005,5N1AT2MLXEC356257
357,Maybach,57,2010,WA1DGAFP9FA383117
358,Toyota,Highlander,2011,2G4GR5EC0B9395256
359,Mazda,Mazda6 Sport,2006,1GYS3JEF4ER404922
360,Isuzu,Axiom,2003,WBANV13538C224729
361,Isuzu,Trooper,2001,1G4CU541754319148
362,Hyundai,Genesis Coupe,2013,1G6KF57914U321992
363,GMC,1500 Club Coupe,1995,TRURD38J281179406
364,Mercedes-Benz,SLR McLaren,2005,1GKS2GEJ4CR175935
365,Lotus,Evora,2010,WAUKH98E08A018894
366,Ford,E250,2006,5J8TB1H29AA778863
367,Honda,Passport,2000,JH4CL95944C721196
368,Dodge,Viper,2002,KMHEC4A40EA499935
369,GMC,Envoy XL,2003,WDDGF5EB0BR135682
370,Plymouth,Neon,1996,SCBGU3ZA1DC114869
371,Nissan,Armada,2006,WAUGVAFR1BA605358
372,Hyundai,Santa Fe,2012,SCBFU7ZA7EC776878
373,Ford,Expedition,2005,WBAEW534X5P470869
374,Toyota,Corolla,2009,WAUSH78E16A691758
375,Mercury,Tracer,1989,WAUHGAFCXEN489634
376,Acura,MDX,2010,WBA3C1C55FK522618
377,Saab,9000,1995,WAULL44E45N145261
378,Mercedes-Benz,W201,1987,WBAKF5C58CE967228
379,Ford,F250,1993,WBAPN7C55BA206120
380,Jaguar,XF,2011,JTDZN3EU1EJ437450
381,Acura,TSX,2010,55SWF4JB9FU024063
382,Pontiac,Grand Prix,1969,WBAVB73587K969380
383,Saab,9-3,2010,WA1DGBFP1DA271494
384,Ford,Laser,1986,WAUHFAFL7CA079283
385,Pontiac,Gemini,1986,JH4KA96694C352860
386,Ram,2500,2012,YV126MFB9F2417826
387,Nissan,300ZX,1991,5TFCW5F14CX825902
388,GMC,Savana 3500,2001,2C3CDZBT1FH644290
389,Mitsubishi,Lancer,2007,JTHBE1BL7D5359876
390,Mitsubishi,Chariot,1989,WBAVC935X7K418487
391,Lamborghini,Gallardo,2004,3G5DB03L36S753029
392,Buick,Riviera,1993,2C3CDYAG2EH688943
393,Bentley,Continental GTC,2009,WAULT58E63A231949
394,Nissan,Sentra,1999,1YVHZ8BH3A5714763
395,Mazda,MX-5,1995,SALCR2BG2FH173563
396,Mercedes-Benz,W201,1986,3C6JD6CT4CG886039
397,Volkswagen,Passat,1986,JTDKN3DU5A0071320
398,Mercedes-Benz,SLK-Class,2006,NM0AS8F71E1453821
399,Toyota,4Runner,2009,2C3CCAST8CH933019
400,Chrysler,Town & Country,1999,WBAVS13558F935260
401,Isuzu,Ascender,2006,1G6AS5S32F0137729
402,Ford,Thunderbird,1983,WUAPV64B43N159628
403,Chevrolet,2500,1996,WP0AB2A88CS372919
404,Mercedes-Benz,300SL,1992,WDDHF0EB5FB488070
405,Cadillac,Escalade,2006,2C4RDGBG7CR197824
406,Chevrolet,2500,1997,1FMCU4K38BK124162
407,Dodge,Viper,1995,5N1AN0NW8EN703712
408,Toyota,Previa,1991,WBAEV33423P111598
409,Ford,E-Series,1986,JH4DC54812C469927
410,Plymouth,Voyager,1996,5GNRNHEE5A8894527
411,BMW,550,2006,WAULD64B83N908944
412,Pontiac,Grand Prix,1993,KMHGC4DEXBU575216
413,Ford,Explorer,2012,JM1CW2BL5D0945109
414,Chevrolet,Tahoe,1997,TRUUT28N511865018
415,Infiniti,QX,1998,1ZVBP8AM3D5837609
416,Toyota,Camry,2004,WAUGL78E87A019587
417,Dodge,Colt,1994,SAJWJ1CD6F8443485
418,Buick,LeSabre,1993,KMHDB8AE1CU996860
419,Toyota,4Runner,2006,5N1AZ2MG6FN011993
420,BMW,545,2004,1G6DP577560036338
421,BMW,Z4,2004,5N1AR1NB4CC670031
422,Pontiac,G3,2009,2T1BU4EE8BC338697
423,Jeep,Grand Cherokee,2004,SALFR2BG3FH972393
424,BMW,M Roadster,2008,SALVP1BGXEH500069
425,Aston Martin,DB9,2012,1GYS3UKJ7FR223678
426,Pontiac,Firebird,2000,TRUTC28N561851106
427,Toyota,FJ Cruiser,2007,3C4PDCBB0FT979890
428,Mercury,Sable,1991,1FTMF1EW7AK131786
429,Toyota,4Runner,2007,5TDDK3DC5DS064863
430,Geo,Tracker,1995,WAULF98K19N596089
431,Cadillac,DeVille,2003,SCBGU3ZAXFC846016
432,Isuzu,Trooper,1994,WAU4FAFR8AA833467
433,BMW,3 Series,1999,5N1AA0NE7EN223406
434,MINI,Cooper Clubman,2011,WAUGU44DX2N681424
435,Nissan,Quest,2011,SAJWA4GC5EM257980
436,Buick,Electra,1990,WBABN53413P488163
437,Mercedes-Benz,S-Class,2009,1G6DF5E50D0035311
438,BMW,X6,2010,KMHHT6KD2EU367281
439,Acura,CL,1999,KMHGH4JH9EU900202
440,BMW,530,2005,WVGAV7AX6CW180088
441,Nissan,Frontier,2006,1FTSX2A51AE438635
442,Volvo,S60,2003,WBALM7C5XEE172075
443,Acura,Legend,1989,WAU2MAFCXEN524736
444,Honda,Passport,1996,3VW517AT5EM228453
445,Dodge,Avenger,1995,WAULD54B02N075844
446,Porsche,911,2005,JN1AJ0HP8BM648218
447,Lexus,LS,2002,WAURV78T68A164209
448,Maserati,Spyder,2004,1G6DS5E34C0947206
449,Volvo,S80,2001,1D7CW3GK1AS247270
450,Mitsubishi,Lancer,2011,1N4AL2AP9BN371169
451,Dodge,Avenger,1997,4F2CY0C76AK287218
452,Ford,F350,2008,1C3BC4EB8AN229410
453,Dodge,Durango,2009,1G4HR54K93U790568
454,Kia,Rio,2009,WBAGJ03421D839567
455,Volkswagen,Jetta,2009,KMHHU6KJ8FU880426
456,Ford,F250,2012,5FRYD4H98GB031444
457,Dodge,Ram 1500,1995,JM3KE2BE9E0884985
458,Audi,4000,1987,2C3CDZBGXFH855006
459,Volvo,XC90,2003,WAUPEBFM4CA247569
460,GMC,Sonoma,1999,TRUTC28N811575268
461,Ford,F250,1993,1GD11ZCG4CF606414
462,BMW,545,2004,SCFFBCBD6BG660397
463,Ford,Edge,2012,3VWPG3AG7AM731205
464,Dodge,Intrepid,2004,2C3CDXBG0DH192885
465,Ford,Econoline E250,1992,WAUJT54BX3N214230
466,Mercedes-Benz,C-Class,1998,5GADT13S552870058
467,Volvo,S80,2005,WDDEJ7GB7CA567796
468,Mazda,RX-7,1992,3D4PH6FV0AT385998
469,Volvo,XC60,2011,1GYS3MKJ5FR997492
470,Dodge,Ram Van B350,1992,WP0CB2A80CS050834
471,Volvo,XC60,2009,5FNRL5H21EB668464
472,Audi,S4,2008,2FMPK3J93FB723221
473,Mitsubishi,Galant,1988,JN1CV6EK2FM152104
474,Hummer,H3,2009,WP0AA2A98AS898802
475,Dodge,Ram 3500,2002,4T1BF1FK6CU749304
476,Mitsubishi,RVR,1993,1VWAS7A32FC746731
477,Mercedes-Benz,E-Class,2009,1FBSS3BL1AD008454
478,Dodge,Dakota,1993,WVWBN7AN2FE542466
479,Volkswagen,Passat,2006,TRUWX28N621872669
480,Cadillac,DeVille,2002,2G4GV5GV5D9254969
481,Suzuki,Samurai,1993,JH4KB16567C787295
482,Ram,3500,2011,5N1AN0NUXAC265585
483,Mazda,MPV,1993,SAJWA4GB8EL015861
484,Land Rover,Range Rover,1999,1G6DL5EV1A0519198
485,Toyota,4Runner,1999,1GYUCFEJ4AR666458
486,Toyota,Sequoia,2004,WAUUL78E85A145691
487,Hyundai,Veloster,2012,3VWKX8AJ0BM408022
488,Dodge,Dakota,1994,WBAYA8C57DC590625
489,Chevrolet,Avalanche,2008,JTMHY7AJ6A4423297
490,Mercedes-Benz,CL-Class,2001,4T1BF3EK5AU047811
491,Porsche,928,1987,1N6AA0CC4FN783906
492,Chevrolet,Cavalier,1999,WAUXD68DX2A127250
493,Chevrolet,Impala SS,1994,1GD312CG2DF413213
494,Volkswagen,GTI,1991,1FMHK7B83BG998415
495,Volkswagen,Passat,2000,1G6DD67V790751056
496,BMW,X5,2012,2G4GU5GV4D9731006
497,Ford,Ranger,2000,1C3CCBBB2DN253736
498,Mazda,Mazda6,2004,1G4HF579X9U108436
499,Mazda,626,1984,1G4PP5SK0C4282669
500,Ford,Five Hundred,2006,WBAFR7C59DD345295
501,Mitsubishi,Montero,2000,1G6KD57YX9U298216
502,Nissan,Frontier,1999,19XFB2E26CE442156
503,Isuzu,Rodeo,1994,1G6DN56S050680632
504,BMW,3 Series,1993,JH4DC53012C596026
505,Suzuki,Daewoo Lacetti,2006,1GD311CG8FZ912092
506,Mitsubishi,Pajero,1984,5XXGM4A72EG218145
507,Jeep,Compass,2010,WDDJK7DA3DF461745
508,Ferrari,612 Scaglietti,2009,WA1LGAFE5DD437602
509,BMW,X3,2009,WBA3V7C59FP870857
510,Subaru,Leone,1985,JTDBT4K39B4328169
511,Mitsubishi,RVR,1994,JM3KE2BE3F0579502
512,Nissan,GT-R,2012,WBAHN03507D651656
513,Chevrolet,S10,1996,JN8AE2KPXB9902220
514,Mazda,929,1989,2G4GU5GXXE9187775
515,Land Rover,Freelander,2010,3GYFNAEY3BS214941
516,Mazda,Millenia,1997,JH4KB16657C777690
517,Dodge,Intrepid,2003,JTDKDTB36F1089825
518,Ford,Courier,1988,WAUBVAFA8AN623139
519,Panoz,Esperante,2007,3VW217AU9FM788764
520,Maserati,Quattroporte,2012,SCBDR3ZA2BC011087
521,Lincoln,Continental,1996,WAUKF98E87A409375
522,Dodge,Ram 1500,2009,JHMFB4F28CS216822
523,Oldsmobile,Cutlass Supreme,1994,3C6TD5CT3CG596393
524,Volkswagen,GTI,2001,WBADX1C56DJ007865
525,MINI,Cooper,2008,3VW517AT9EM064642
526,Audi,90,1990,JN8AZ1MU1EW563516
527,Jeep,Grand Cherokee,1997,1D7RV1CP5BS884067
528,Chrysler,LeBaron,1992,1G4GA5EC5AF816921
529,Hyundai,Sonata,2000,1N6AD0CUXDN732228
530,Chevrolet,Avalanche,2009,KMHGH4JH0DU128235
531,Maserati,Quattroporte,2008,WBAKG7C50CE205990
532,Pontiac,Grand Am,2003,WBA3B1C52EP987183
533,BMW,X5,2003,WA1DKAFP3BA260700
534,Lexus,ES,1993,W04GT5GC2B1126791
535,Chevrolet,Lumina,1992,JN8AS5MT6AW505320
536,Toyota,Avalon,2002,WBSBL934X6P385904
537,Hummer,H1,1998,WVGEF9BP0ED566741
538,Oldsmobile,88,1995,WAUUL58E85A664342
539,Suzuki,Daewoo Lacetti,2008,2HNYD18685H519655
540,Honda,Pilot,2006,1N6BF0KX1FN118665
541,Nissan,Datsun/Nissan Z-car,1990,4T1BD1EB2EU885326
542,GMC,Suburban 1500,1993,WP0AA2A95CS837491
543,Toyota,Avalon,2012,WBA3B5C56DF416727
544,Toyota,Camry Hybrid,2008,1B3CC4FB2AN390870
545,Mitsubishi,RVR,1994,WBADX1C59CE487424
546,Dodge,Caliber,2009,WAUFFAFC3DN179320
547,Audi,A8,2007,1G6KF57972U819594
548,Pontiac,Firefly,1990,WAUGL98E98A528889
549,Mazda,Protege,2002,1FTEX1CM7DK721543
550,Lexus,LS Hybrid,2012,WAUHF98PX7A943070
551,Porsche,928,1986,W04GX5GV1B1739880
552,Land Rover,Discovery,1996,5XYZG3AB4BG184327
553,BMW,Z8,2003,WAUJC68E54A747265
554,Mercedes-Benz,W201,1985,1GD022CG7CZ382957
555,Ford,Galaxie,1964,1G6KE57Y35U177910
556,Mitsubishi,Cordia,1987,SCFAB05D79G034470
557,Mercedes-Benz,400E,1993,WBAKB4C56CC060382
558,BMW,X3,2010,WA1DGAFE1ED857640
559,Hummer,H2 SUT,2006,1FTWF3D56AE841838
560,Ford,E150,2012,5J8TB4H72GL935918
561,Buick,Regal,1992,3VW1K7AJ5FM640917
562,Volvo,850,1995,JTDZN3EU0EJ865199
563,Suzuki,SJ 410,1984,3C3CFFBRXCT090506
564,Ford,E150,2011,KNAGM4AD1E5628796
565,Ford,Contour,1999,1FTNF2B57AE552685
566,GMC,Yukon XL 1500,2013,WAUDN94F08N610191
567,Buick,Roadmaster,1993,3C3CFFDR5FT757225
568,Toyota,Camry,2008,1G6DB1EDXB0512920
569,Audi,S4,2004,TRURD38J491517969
570,Hyundai,Sonata,2001,4T1BK3DB5AU512696
571,Subaru,Justy,1994,1G6DL5EV9A0829146
572,Mazda,B-Series,1998,19UUA8F26DA032118
573,Ford,Escape,2003,2HNYD18966H342101
574,BMW,3 Series,2010,1B3CB9HA3BD860206
575,Lexus,IS,2006,5TDDK3DC8BS026220
576,Ram,C/V,2012,WBABS53463E391108
577,Alfa Romeo,164,1992,WBA5A5C56FD991422
578,Nissan,Pathfinder,1999,WAUSF78K89N020984
579,Toyota,Camry,2012,JN1CV6AP6AM926591
580,Mercedes-Benz,CL-Class,2004,JH4DB75531S813846
581,Lexus,LS,2005,1GKUCHE0XAR179410
582,Mitsubishi,Montero,1996,JN1AZ4FH7FM085812
583,Porsche,Boxster,2010,JH4DC538X5S870405
584,Suzuki,SX4,2008,SCFEBBBC7AG816104
585,Lamborghini,Gallardo,2008,JH4NA12635S362053
586,Ford,Focus,2004,3C3CFFER8CT758038
587,Suzuki,SJ,1995,5TDBK3EH8DS230228
588,Mercedes-Benz,500SEL,1992,1D4PT7GX6AW084411
589,Suzuki,Aerio,2002,4T1BD1FK1CU569749
590,Pontiac,Bonneville,1998,JTHBF1D20F5682803
591,Volkswagen,Eos,2009,JN8AZ1MUXEW976308
592,Pontiac,Bonneville,1995,19XFA1E33AE059116
593,Dodge,Ram 2500 Club,1996,WVGEF9BP6FD455628
594,Chevrolet,Silverado 2500,2006,1GKKRNED0FJ610852
595,Volkswagen,Passat,1998,4T3BA3BB1DU455494
596,Buick,Enclave,2008,WUAW2AFC1EN644907
597,Mercury,Grand Marquis,1991,19UUA8F21CA940782
598,Acura,NSX,1998,5FPYK1F24DB190525
599,Jaguar,XJ,2008,2G4WD582691143100
600,Suzuki,SX4,2011,WAUMFAFH9FN476209
601,Oldsmobile,Cutlass,1999,WDDHF2EB8CA972733
602,Land Rover,Range Rover,1992,WAULC68E64A660354
603,GMC,Sonoma,1992,JN8AF5MR2DT609138
604,Pontiac,Firebird,1967,WAULT58E22A602538
605,Chevrolet,Impala,2000,1N6BF0KM1FN863339
606,Volkswagen,Eurovan,2003,JN1AJ0HP4AM865408
607,Hummer,H2,2008,WA1CGAFP3FA902965
608,GMC,3500,1998,1GKS1KE02DR477495
609,Hummer,H1,2000,3D7TP2HTXAG780451
610,Chevrolet,Malibu,2005,WAUEH98E16A534689
611,Hyundai,Accent,2001,SALME1D48CA655746
612,Pontiac,Fiero,1987,1G6DC5E50C0380135
613,Chrysler,Concorde,2001,WBAGH83451D372025
614,Ford,Laser,1987,1G6YV34A245953412
615,GMC,Yukon,1994,WBAVS13558F040688
616,Honda,Prelude,1985,3VW1K7AJ6BM543901
617,GMC,Sierra 1500,2008,JM1CR2W3XA0939576
618,GMC,Savana 2500,1998,JN8AF5MR8FT833159
619,Toyota,4Runner,2008,WAURD68D02A048405
620,Ford,E-Series,2009,2B3CK5CT3AH910055
621,Mazda,MX-5,1994,WAUUL68E05A853637
622,Toyota,Corolla,2002,1N4AL3APXDC774906
623,Lincoln,Navigator,1999,1VWAH7A35EC997644
624,Chevrolet,Blazer,2002,1FMJK1H59EE817684
625,Volvo,S60,2003,WAULFAFR2CA547323
626,MINI,Cooper,2010,WVWED7AJ0BW719324
627,Nissan,Sentra,1991,5J6TF3H59FL195577
628,Ford,Excursion,2002,WAUKF68E35A935747
629,Lexus,IS,2012,WA1MMBFEXAD937365
630,Lincoln,Town Car,1993,2G4WC562451331162
631,Chevrolet,Suburban 2500,1997,JTEBU5JR9F5833858
632,Subaru,Loyale,1993,1HGCR2E35FA620204
633,Nissan,Altima,2004,5FPYK1F21BB751468
634,Nissan,Versa,2007,4T1BF1FK2CU533823
635,Pontiac,Grand Prix Turbo,1990,1FTWW3B56AE372317
636,GMC,Sierra 3500,2001,1G6DV8EP8B0019683
637,Mazda,626,1996,3GYFNFEY0AS464343
638,Dodge,Intrepid,2000,JTDKN3DU6F0954897
639,Mercedes-Benz,S-Class,1985,5J6TF1H34FL495983
640,Porsche,911,1989,WVWAP7AN4EE221520
641,Mazda,B-Series Plus,2003,3VWF17AT3FM270612
642,Volkswagen,rio,2002,YV1672MC3AJ360648
643,Dodge,Viper,2010,WA1DGAFE5ED557518
644,Chevrolet,Blazer,1994,1N4AB7AP4EN320358
645,GMC,Sonoma,1999,2C4RDGCG4FR632138
646,Ferrari,F430,2006,1G6DX67D770270610
647,Chevrolet,Astro,2001,3GYFK66N75G111250
648,Chevrolet,Silverado 3500HD,2006,1N6AA0EJ7FN860151
649,Toyota,Matrix,2009,1HGCP2E36BA249540
650,Chevrolet,Suburban 1500,2003,WAUNF78P46A804851
651,Mercedes-Benz,S-Class,2006,4USBT53535L178702
652,Pontiac,Grand Prix,1981,WAUGGAFC0CN951420
653,Mercedes-Benz,E-Class,1991,WBAFU7C52BD061258
654,Dodge,Ram Van B150,1993,WBA3C3C5XEF110813
655,Ford,F250,1999,3D73Y3CL3BG767178
656,Mercedes-Benz,G-Class,2012,1G6DL8ED9B0663379
657,Honda,Civic,1994,1FTEW1CM1EK811016
658,Dodge,Ram Van 2500,2000,JM1BL1L38D1457635
659,Pontiac,Grand Prix,1988,1HGCP2E77BA208157
660,Mitsubishi,Mirage,1996,19XFA1E57BE795382
661,BMW,M5,1993,JA4AS2AW7DU542587
662,Mercury,Cougar,2002,TRURD28N661298232
663,Dodge,Ram Van 1500,1997,WBAVS13568F955436
664,Lincoln,Navigator L,2010,WAUKH78E58A769767
665,Chevrolet,Express,2006,WVGEF9BP3DD380156
666,Pontiac,Grand Am,1998,WBAEP33403P979643
667,Mercury,Grand Marquis,1993,2C3CDYCJ5CH331911
668,Nissan,JUKE,2011,JN8AZ1FY1CW462845
669,Mercedes-Benz,SL-Class,2005,WAULV94E19N405967
670,Nissan,Quest,2008,JN8AZ2KR0CT432385
671,Acura,CL,1999,2C3CCARG5EH949965
672,Honda,del Sol,1996,SAJWJ1CD1F8509893
673,MINI,Cooper Clubman,2012,JN1CV6EK3CM184734
674,Bentley,Azure,2008,1G6DA8EG9A0847042
675,Cadillac,Fleetwood,1994,1C4RDHAGXCC379954
676,Ford,Excursion,2005,2C4RDGEG4FR943016
677,Plymouth,Voyager,2000,WBAUC9C54DV988670
678,Suzuki,Kizashi,2012,WA1AV74L27D180338
679,Mitsubishi,Montero,1992,5UXZV4C5XD0653916
680,Maserati,Coupe,2005,WAURD68D51A384050
681,Toyota,Camry Hybrid,2007,WVGAV7AX5CW657576
682,Nissan,Altima,2013,5N1AA0NE3FN012639
683,Toyota,Prius c,2012,WAUEF78EX6A467696
684,Buick,Park Avenue,2005,2G4GN5EK3C9991370
685,Mazda,B-Series,1995,JTHBL5EF3B5893490
686,Chevrolet,Express 3500,2010,3C3CFFER4ET907807
687,Mazda,626,1984,SALAG2D47DA576489
688,Nissan,Rogue,2010,1G4GA5EC8AF034614
689,Ford,Mustang,1964,WBABN33442J314092
690,Toyota,Avalon,2005,1FTWW3B58AE466392
691,Lexus,IS F,2010,1C6RD7LP3CS243251
692,Nissan,Murano,2011,4T1BF1FKXDU816939
693,Cadillac,Seville,2000,JTDKTUD35DD127742
694,Toyota,Highlander,2006,WA1LKBFP6AA877072
695,Subaru,SVX,1992,1GYS4JEF3BR574360
696,Chevrolet,Sportvan G20,1992,WAUXF78K49A594866
697,Ford,Contour,1995,WBA3B9C51EJ695445
698,Mercedes-Benz,SLK-Class,2006,1FTSF3A50AE019751
699,Chrysler,Sebring,2007,WAUAFAFL9CA355805
700,Kia,Rio,2006,1D4PU7GX0AW928178
701,Oldsmobile,Silhouette,1997,1G4GH5G30CF316628
702,Audi,A6,1999,1N6AF0LX1EN668229
703,Acura,RL,2003,5GAKRCKD4DJ564106
704,Hummer,H3,2006,1FTWW3B52AE463178
705,MINI,Cooper Clubman,2009,1G4CU541524478441
706,Audi,A6,2001,KL4CJESBXEB448192
707,Land Rover,LR2,2009,WBAKN9C57FD569769
708,Volkswagen,Golf,1985,1C3BC4FB3BN735159
709,Toyota,Camry,1997,1N6AF0LX9FN086722
710,Ford,E150,2010,3LN6L2LUXFR505821
711,Infiniti,FX,2003,2LMDJ6JK0FB145662
712,Suzuki,Verona,2005,WBADT634X1C358603
713,Saturn,Relay,2005,WAUFFAFL5BA760578
714,Hyundai,Tucson,2012,WDCGG5GB3CF394684
715,Mercedes-Benz,S-Class,1985,JN8AF5MR2BT390582
716,GMC,Savana 1500,2010,1G6AA5RX9F0378621
717,Oldsmobile,Aurora,2003,1J4RG4GK1AC754049
718,Cadillac,Escalade,2008,3C6JD6DK2CG668302
719,Volkswagen,Jetta,1988,JN1BY1APXDM786782
720,Chevrolet,Camaro,1996,5N1AN0NW3EN637537
721,Dodge,Ram Van 3500,2003,WAULC58E25A263557
722,Chevrolet,G-Series G30,1996,1GTN1UEH4FZ047173
723,Hyundai,Azera,2010,3GYT4MEF7DG018125
724,Chevrolet,Avalanche,2009,JN8AS1MU6AM395883
725,Mercedes-Benz,E-Class,2007,3VW467AT7DM081337
726,Lexus,LS,2012,WP0AA2A8XFK218204
727,GMC,1500,1993,1FMEU6FE7AU541792
728,Jaguar,XJ,2008,1GKS1HE02CR122151
729,Subaru,Alcyone SVX,1996,WBAEU33455P057249
730,Chrysler,Cirrus,1999,1D4RD2GG0BC638764
731,BMW,M6,2010,WBAUU3C59CA832897
732,Buick,Century,1985,1FTSW3B51AE572021
733,Ford,E-Series,2010,1FTFW1E80AF486401
734,Jeep,Wrangler,2000,WAUVC58EX4A411333
735,Audi,S8,2008,2C3CCADG0EH563901
736,Mitsubishi,Diamante,1999,WBAFR9C51DD436573
737,Audi,riolet,1996,4T1BK3DB9CU875215
738,Buick,Riviera,1985,SCFAB01A68G345494
739,Dodge,Ram 3500,1994,JH4CW2H56CC737311
740,Chevrolet,Avalanche,2010,YV126MEB9F1674265
741,Ford,F-Series,1995,5LMJJ2JT2FE251435
742,Subaru,Outback,2011,3MZBM1L77EM210236
743,Chrysler,Prowler,2002,1FTWW3CY1AE081927
744,Plymouth,Voyager,1994,WBASP0C58DC795666
745,Mercedes-Benz,G-Class,2008,4T3BA3BB2EU435529
746,Land Rover,Discovery,1996,SALME1D42BA564681
747,Suzuki,Esteem,1995,4T1BF1FK4EU764600
748,Acura,MDX,2009,1C4RDJEGXDC948773
749,Nissan,Maxima,2007,WBAVB335X6P641016
750,Hyundai,Accent,1999,WBA3A5C58FP985434
751,Mercedes-Benz,S-Class,1990,19UUA96289A662946
752,Mitsubishi,Eclipse,2009,2LMDJ6JK5BB318618
753,Hummer,H2,2008,JN1BY1ARXEM593115
754,Ford,Th!nk,2001,1G4HJ5EMXAU591081
755,Mercury,Lynx,1986,WVGAV3AX3EW540929
756,Mitsubishi,Galant,1991,WDDEJ7KB6CA089152
757,Volkswagen,rio,2002,1FMJU1J55AE197723
758,Mercury,Grand Marquis,1993,NM0AE8F76E1808831
759,Nissan,Maxima,2001,WAUJC68E25A203209
760,Chrysler,300M,2004,SCBZB25E41C594550
761,Mitsubishi,Pajero,1984,3G5DA03E24S225760
762,Eagle,Talon,1991,1FMHK7B85CG607797
763,Infiniti,Q,2005,2C3CCAAGXDH682784
764,Cadillac,Escalade ESV,2009,3VW4A7AT4CM336586
765,Toyota,Tundra,2000,WDCYC3HF5FX686664
766,Mazda,Protege,1994,WAUUL68E35A881402
767,Chevrolet,1500,1994,SCBDP3ZA4AC349773
768,Saturn,VUE,2008,1G4GE5G30CF291254
769,Lincoln,Town Car,1994,TRUB3AFK4C1499873
770,Mazda,MX-5,2004,3VW217AU9FM234608
771,GMC,Safari,2002,1FTMF1E84AK879395
772,Ford,Probe,1989,WAUEH74F96N615371
773,Nissan,Xterra,2001,SCFEBBDL2EG089196
774,Land Rover,Range Rover,2011,YV126MFB6F2471861
775,Toyota,Xtra,1992,2HNYD18802H856656
776,Volvo,V70,2007,JHMZE2H35CS606338
777,Ford,Flex,2013,3C4PDCBB4CT550151
778,Subaru,Forester,1998,1FMJU1J5XAE845041
779,Toyota,Matrix,2003,5XYZT3LB2EG860805
780,Buick,Coachbuilder,1990,JM3TB2BAXD0781650
781,Toyota,TundraMax,2008,3GYFK66N44G053919
782,Ford,Galaxie,1966,5GADV23L65D142116
783,GMC,Sonoma Club Coupe,1996,19UUA66275A221690
784,Volkswagen,Jetta III,1995,WBAWC7C55AP296088
785,Cadillac,Escalade EXT,2003,1N6BF0KL3FN729052
786,Volkswagen,Passat,2010,1N4AB7AP1EN368741
787,Plymouth,Voyager,1999,1G6DU6EV6A0166041
788,Mitsubishi,Mirage,1996,5J8TB18278A564836
789,Lamborghini,Diablo,1997,1D7RE5GK6BS924761
790,Chevrolet,S10,1996,KMHDB8AE9CU194945
791,Pontiac,GTO,1968,1G4CU541154216713
792,Mitsubishi,Eclipse,1998,JM1NC2LF9E0735785
793,Ford,F-Series,2010,1GD11XEG3FF657456
794,Bentley,Continental GTC,2012,3G5DA03L07S668881
795,Toyota,Corolla,2005,1FA6P0G72F5212585
796,Maybach,57,2006,2C4RDGBG6FR953213
797,GMC,Savana 1500,2010,3GYFNEEY3BS891334
798,Chrysler,Imperial,1993,5FPYK1F64EB361004
799,Saab,9-5,2007,WAUVKAFRXAA693485
800,BMW,330,2006,SCFPDCGP6EG956560
801,Ford,Club Wagon,1997,WAUAFAFL9DN557246
802,Plymouth,Voyager,1992,2C4RDGEG0FR242697
803,Chevrolet,Camaro,1970,SCFHDDBT2EG355046
804,Mitsubishi,Galant,2000,TRUDD38J781700579
805,Ford,E350,2008,1G6DF577790631344
806,Mitsubishi,Mighty Max,1993,3C3CFFBR7CT387118
807,Ford,Escort,1990,1N6AF0KY2FN360367
808,Lincoln,MKX,2010,WAUHFAFL0BN057391
809,Toyota,Sienna,2011,1N6AF0LY3EN321140
810,Mercedes-Benz,M-Class,2009,1LNHL9DK4EG614277
811,Mitsubishi,Mirage,1999,1D4RE3GG4BC916925
812,Land Rover,Range Rover,1987,WAUVFAFH6CN720513
813,Ford,Mustang,1966,3GTU2YEJ6BG583765
814,GMC,Vandura 1500,1994,JN1BJ0HR4EM513926
815,Maybach,57,2005,WAUVF98K39A657510
816,Cadillac,Seville,1992,SCFFDCCDXCG453585
817,Jaguar,XK Series,1997,WAULF78K79A679263
818,Scion,tC,2013,WAULFAFH1BN239557
819,BMW,M5,2008,1N6BF0KL5FN118956
820,Ford,Econoline E250,1998,1FTWW3B5XAE287285
821,Lotus,Elan,1994,WAUVC58E65A422623
822,GMC,Sierra 1500,2005,SCBZB25E12C906390
823,Suzuki,Sidekick,1993,1FTNF2A51AE091193
824,Oldsmobile,Silhouette,1993,JTHBK1GG4F2414342
825,Volkswagen,Golf III,1995,WAUBFAFL9EN086320
826,Kia,Spectra,2001,1GYS3JEF0CR618206
827,Ford,E150,1984,1D4RE3GGXBC404604
828,Mazda,626,1989,1GYS4EEJ5BR577174
829,Toyota,Avalon,1999,JTHBW1GGXE2446828
830,GMC,Sierra 2500,2006,WBAVM1C5XEV423165
831,Ford,F450,2011,TRUB3AFKXD1666805
832,Acura,TSX,2007,JN8AZ2KR8ET182056
833,Ford,Crown Victoria,1995,5N1AT2MK8EC176976
834,Plymouth,Grand Voyager,1999,1C3CDZCB9CN498164
835,Mitsubishi,RVR,1995,WBAHL83536D792496
836,Lexus,ES,1990,JN8AE2KP7E9150089
837,Porsche,Panamera,2013,WAUKH78E28A878798
838,Oldsmobile,Achieva,1993,2HNYD18681H721082
839,Mercedes-Benz,SL-Class,1989,1C4RDHDG3EC173101
840,Infiniti,G,2006,WVGEG9BPXDD169940
841,Chevrolet,Cavalier,1993,1FAHP3EN7BW577926
842,Kia,Amanti,2004,2G61U5S35D9439643
843,Jaguar,XF,2010,WAUEL74F35N453833
844,Mazda,Miata MX-5,2003,3GYFNDEYXBS017007
845,Chevrolet,Silverado 1500,2002,WAUEH78E57A825864
846,Chevrolet,Corvette,1961,3A4GY5F91AT200023
847,Pontiac,Bonneville,2002,1FMCU0F79EU392376
848,Lexus,IS-F,2010,WBAVC53508F303562
849,Nissan,Maxima,2008,WA1DMAFPXEA937885
850,Mitsubishi,Chariot,1992,1GKS1EEF9BR333266
851,Suzuki,SJ,1989,WAUGGAFC2DN157102
852,Lexus,LX,2008,KMHTC6ADXEU358341
853,Dodge,Shadow,1993,4A31K3DT9BE622703
854,Mercury,Mariner,2011,1G6DF8E54D0666984
855,Mercedes-Benz,E-Class,2001,1GYFK56229R327416
856,Toyota,Tercel,1996,KM8JT3AC0AU372675
857,Kia,Optima,2011,WBAKX6C51CC947286
858,Oldsmobile,98,1996,WVWED7AJ5CW199462
859,BMW,530,2003,KMHHU6KJ6FU245611
860,Kia,Rondo,2009,3VW507AT3FM254991
861,Lexus,LX,1999,WDDNG7BB3AA981774
862,Acura,MDX,2009,2G61P5S31F9154321
863,Lincoln,Continental,1985,SAJWA0EX8E8499346
864,Ford,E250,2007,WAUKG74F56N246756
865,Suzuki,Esteem,1996,JN8AF5MR4CT561592
866,Ford,Explorer,1992,JHMZF1C64CS197080
867,Honda,Accord,2007,2GKALMEK4C6679087
868,Hyundai,Sonata,2007,WAUPFAFM6BA376144
869,Mercedes-Benz,CLS-Class,2011,WBAGL63434D415171
870,Kia,Amanti,2007,1FTWW3B52AE316018
871,Toyota,Celica,2002,WA1CFAFP5FA527390
872,Isuzu,Hombre,2000,1C4PJLAK2CW716431
873,Maybach,57,2005,1N6AD0CU8CC405966
874,Ford,Ranger,1999,WAUHF78P17A173653
875,Kia,Amanti,2005,3D73M4HL0BG012953
876,Porsche,911,1995,SCFEBBAK9BG566424
877,Porsche,Cayman,2011,SALGS2TFXFA135387
878,Honda,Accord,2012,WBAVB135X6K942354
879,Pontiac,Grand Am,1994,KNDJT2A50C7676140
880,Geo,Prizm,1995,SALWR2VF6FA369921
881,Mazda,RX-8,2005,WAUDV94F18N602746
882,Hyundai,Elantra,2002,WBAEU334X2P185630
883,Buick,Century,1996,WAULC68E95A606340
884,Chevrolet,Tahoe,2009,KNADH4A30A6145478
885,Porsche,911,2006,JN1AY1AP4BM672432
886,Smart,Fortwo,2010,WBA3C1C55DF203340
887,Nissan,Altima,2008,WBANE73557B569333
888,Honda,Civic,1995,WA1LFAFP1CA369366
889,Buick,Roadmaster,1992,3VW8S7ATXFM699123
890,Jaguar,X-Type,2002,WBSBR93411E703623
891,Mitsubishi,L300,1989,JN1AZ4EH5AM100558
892,BMW,7 Series,2008,WBAAZ33493P708296
893,Kia,Sedona,2003,YV1672MK3D2634761
894,Isuzu,Rodeo Sport,2001,3GYFK62818G148301
895,Ford,E150,2004,5YMGY0C53BL865634
896,Toyota,Camry Solara,2006,1FTFW1E88AF469135
897,Honda,Element,2003,WAUFFAFL7DN211153
898,Porsche,968,1993,2C3CCAKT9CH686951
899,Chevrolet,Blazer,1993,1G6AK5S32F0199454
900,Geo,Metro,1992,5GAKVDKD6DJ471170
901,Mercury,Mountaineer,2006,2C3CCAGG4FH443872
902,Chevrolet,Silverado 1500,2007,WAUEFAFL1DA039768
903,Audi,5000S,1987,3D4PH3FG8BT048996
904,Pontiac,Vibe,2005,SALME1D45BA176571
905,Suzuki,Vitara,2000,3C6TD5HT2CG762055
906,Dodge,Grand Caravan,2005,1GYS4KEF0DR015762
907,Volvo,V70,2010,2G4WS52J651913330
908,Audi,V8,1994,KM8JT3AB7DU664836
909,Toyota,Sequoia,2010,1NXBU4EE6AZ259803
910,Porsche,911,1988,WBAAV53491F515351
911,Pontiac,Vibe,2008,1NXBU4EE3AZ427039
912,Lexus,GS,2003,WAUFEAFM6DA518428
913,Mercedes-Benz,M-Class,1998,SCBCC41N89C992893
914,Saab,9-7X,2008,1GD12YEG4FF472903
915,Infiniti,M,2003,4USDU53417L692046
916,Nissan,Quest,2000,YV1902MC9F1743583
917,Porsche,944,1985,SCBCP73W88C216483
918,Mazda,RX-8,2005,JM3KE2BE5D0651278
919,Mercedes-Benz,Sprinter 3500,2011,1FADP5CU8EL680508
920,Chevrolet,G-Series G30,1995,JN1CV6FE9BM919482
921,Subaru,Justy,1992,JN1AZ4EH2CM791051
922,Infiniti,QX56,2007,JN1BJ0HP5FM432854
923,Volvo,S60,2011,2B3CK5CT1AH436378
924,Porsche,944,1987,3C4PDDEG3DT037570
925,Toyota,4Runner,1996,1N6AA0EK1FN378512
926,Cadillac,Escalade ESV,2012,WBAKF5C56DE569128
927,Dodge,Dakota,2005,3VW4S7AT4EM060443
928,Mercury,Tracer,1988,WAUMFAFL4DA996651
929,Mercury,Grand Marquis,1996,WAULD64B92N787534
930,Plymouth,Voyager,1992,WAUEFAFL4EN440564
931,Chevrolet,Corvette,1999,1G6KD57Y09U105376
932,Porsche,Boxster,2011,SCBGT3ZA8EC116283
933,Chevrolet,Lumina,2000,JN1CV6FE3FM491625
934,Volkswagen,Routan,2011,WAUKFBFL9BA217061
935,Dodge,Stratus,1996,4A31K5DF6CE478048
936,Pontiac,Grand Prix,1984,WBALM53599E950151
937,Nissan,Titan,2004,3VWML7AJ1DM879811
938,Pontiac,Grand Prix,2004,3C63DPKL5CG867838
939,Dodge,Ram 1500,2005,5N1AN0NW4DN346804
940,Mercedes-Benz,CL65 AMG,2009,WAURD68D41A165774
941,Toyota,Tacoma Xtra,1999,WA1VMBFP2EA966159
942,Bentley,Continental GTC,2009,1GD12YEG1FF188791
943,Volkswagen,Scirocco,1984,WBAYA8C52ED421656
944,GMC,2500 Club Coupe,1995,WA1CV74L57D222557
945,Isuzu,Oasis,1998,2G4WB55K431754843
946,Eagle,Talon,1998,3A4GY5F95AT964599
947,Chevrolet,Corsica,1994,2FMHK6DT3AB981826
948,Volkswagen,Jetta,2004,SCBLC47J48C795478
949,Maybach,62,2003,1FTEX1C88AF907745
950,Toyota,Land Cruiser,1996,WAUSG78EX6A121440
951,Mercedes-Benz,CLK-Class,2009,2C4RDGBG0FR723005
952,Chevrolet,Malibu,2013,4JGCB2FE5BA285776
953,BMW,X5,2012,WAUML64BX3N536885
954,BMW,7 Series,2004,SCFBB04B68G027772
955,Suzuki,Aerio,2007,3N1AB6AP5CL586007
956,Ford,Explorer,2002,1GYS3CEF9CR567638
957,Buick,Rendezvous,2006,19UUA75537A776950
958,Toyota,Previa,1996,3D7TT2HTXBG297197
959,Mazda,MPV,1998,1N4AL2AP7CC038014
960,Infiniti,J,1997,WBA3A9C51EK906432
961,Mercury,Cougar,1967,JTHBL5EF7F1644848
962,Lotus,Esprit,1995,1GD11ZCG2BF488104
963,Buick,Regal,2001,1GYS3AKJ7FR677296
964,Dodge,Viper,2005,SCBBR9ZA1DC260865
965,Volvo,V50,2009,3D7TT2CT9AG961091
966,Toyota,FJ Cruiser,2010,WA1BV94L18D910614
967,Porsche,Boxster,2010,3N1AB7AP6FL520642
968,Pontiac,Fiero,1987,SCBGU3ZA5FC281237
969,Ford,Bronco II,1985,2G4WE587181607062
970,Volkswagen,Jetta,1988,1G6DM5E34D0598480
971,Dodge,Ram 1500,2008,JTHSE5BC9F5144400
972,Dodge,Durango,2002,1G4HE57Y07U513454
973,Chevrolet,Suburban 1500,2009,5GADT13S672215331
974,Toyota,Prius,2003,1G6DC67A080230274
975,Buick,LaCrosse,2005,YV140MAB3F1222831
976,Chevrolet,Corvette,1961,1FTEX1E87AF811537
977,Nissan,Altima,2008,WAUBFCFL1CN954528
978,Nissan,Xterra,2002,2G4WB55K131092025
979,Chevrolet,Corvette,1985,3N1AB6AP9CL573759
980,Ford,Mustang,1966,1G6KD57988U828559
981,Mitsubishi,Pajero,1993,2C3CDXHG5CH511848
982,Buick,Regal,2002,JN8AE2KP7C9287191
983,Mercedes-Benz,G-Class,2002,1G6DL67A690769211
984,Nissan,Quest,1999,19UUA56762A695566
985,Ford,Aerostar,1995,2C3CK3CV8AH380738
986,Hyundai,Elantra,2003,5FNYF3H47FB600356
987,GMC,Savana,2009,3D7LT2ET2BG788366
988,Lexus,GX,2012,WAUGL78E97A575035
989,Volvo,940,1994,KNAFU6A21B5499752
990,Toyota,Venza,2013,1FMJU1H53AE916814
991,Suzuki,SJ,1986,WBA3A9C55FK989980
992,Chevrolet,Suburban 1500,2005,2T1BU4EE6DC819115
993,Ford,E250,2012,WA1VMAFE6BD071308
994,Aston Martin,V8 Vantage,2012,KMHGH4JH4EU187662
995,Ford,Contour,1998,4T1BD1EB1EU783824
996,Subaru,Brat,1986,1B3CB1HA4AD128909
997,Chevrolet,3500,1998,WP0CB2A8XFS895002
998,Ford,E-Series,2005,5FRYD3H23FB677342
999,Mazda,626,2001,WBAYE8C59ED779504
1000,Mitsubishi,3000GT,1996,2G4WF551611886253
